{
    "response":"success",
    "result":[
        {
            "bg1.node.check-host.net": [
                [
                    1,
                    0.170563936233521,
                    "Moved Permanently",
                    "301",
                    "188.114.97.3"
                ]
            ],
            "de1.node.check-host.net": [
                [
                    1,
                    0.0242791175842285,
                    "Moved Permanently",
                    301,
                    "188.114.97.3"
                ]
            ],
            "fr2.node.check-host.net": [
                [
                    1,
                    0.0415198802947998,
                    "Moved Permanently",
                    "301",
                    "188.114.97.2"
                ]
            ],
            "hk1.node.check-host.net": [
                [
                    1,
                    0.0214791297912598,
                    "Moved Permanently",
                    "301",
                    "104.21.74.214"
                ]
            ],
            "il1.node.check-host.net": [
                [
                    1,
                    0.127064943313599,
                    "Moved Permanently",
                    "301",
                    "172.67.163.103"
                ]
            ],
            "il2.node.check-host.net": [
                [
                    1,
                    0.185726881027222,
                    "Moved Permanently",
                    "301",
                    "104.21.74.214"
                ]
            ],
            "nl2.node.check-host.net": [
                [
                    1,
                    0.0265138149261475,
                    "Moved Permanently",
                    "301",
                    "188.114.96.0"
                ]
            ],
            "ru2.node.check-host.net": [
                [
                    1,
                    0.119951009750366,
                    "Moved Permanently",
                    "301",
                    "104.21.74.214"
                ]
            ],
            "ru4.node.check-host.net": [
                [
                    1,
                    0.199879884719849,
                    "Moved Permanently",
                    "301",
                    "188.114.97.1"
                ]
            ],
            "us3.node.check-host.net": [
                [
                    1,
                    0.179347991943359,
                    "Moved Permanently",
                    "301",
                    "104.21.74.214"
                ]
            ]
        }
    ]
}